{"cameraMode":{"drawMode":0,"name":"Shaded","section":"Shading Mode"},"sceneLighting":true,"audioPlay":false,"sceneViewState":{"m_AlwaysRefresh":false,"showFog":true,"showSkybox":true,"showFlares":true,"showImageEffects":true,"showParticleSystems":true,"showVisualEffectGraphs":true,"m_FxEnabled":true},"in2DMode":false,"pivot":{"x":-1.3738775253295899,"y":42.71809387207031,"z":-1.7803809642791749},"rotation":{"x":0.22252829372882844,"y":0.5437358617782593,"z":-0.15224221348762513,"w":0.7947752475738525},"size":26.866024017333986,"orthographic":true}